{
  "description": "项目配置文件。",
  "packOptions": {
    "ignore": []
  },
  "setting": {
    "urlCheck": false,
    "es6": false,
    "postcss": false,
    "minified": false,
    "newFeature": false,
    "bigPackageSizeSupport": false,
    "es7": true
  },
  "compileType": "miniprogram",
  "libVersion": "",
  "appid": "wx385e6a73bdee6445",
  "projectname": "web2wxapp",
  "condition": {
    "search": {
      "current": -1,
      "list": []
    },
    "conversation": {
      "current": -1,
      "list": []
    },
    "game": {
      "current": -1,
      "list": []
    },
    "miniprogram": {
      "current": -1,
      "list": []
    }
  }
}